{
  "project_info": {
    "project_number": "643026422859",
    "firebase_url": "https://scull-app.firebaseio.com",
    "project_id": "scull-app",
    "storage_bucket": "scull-app.appspot.com"
  },
  "client": [
    {
      "client_info": {
        "mobilesdk_app_id": "1:643026422859:android:51d07bf17d631c6fdf11ce",
        "android_client_info": {
          "package_name": "com.err.scullapp"
        }
      },
      "oauth_client": [
        {
          "client_id": "643026422859-ppjmj5pmb76gblpkn04cma4c02kht6mh.apps.googleusercontent.com",
          "client_type": 1,
          "android_info": {
            "package_name": "com.err.scullapp",
            "certificate_hash": "be4bbaf4b9006416a4a74c9ed06e07c3f38c7ff6"
          }
        },
        {
          "client_id": "643026422859-qeqtdbkon5n033v5vj4096k7hcgtf9dr.apps.googleusercontent.com",
          "client_type": 3
        }
      ],
      "api_key": [
        {
          "current_key": "AIzaSyBZExBJLscbgOQzWqj4raqA8lRSUaU8Djc"
        }
      ],
      "services": {
        "appinvite_service": {
          "other_platform_oauth_client": [
            {
              "client_id": "643026422859-qeqtdbkon5n033v5vj4096k7hcgtf9dr.apps.googleusercontent.com",
              "client_type": 3
            }
          ]
        }
      }
    }
  ],
  "configuration_version": "1"
}